{
	"서울": {
		"종로구": [
			37.59433378,
			126.9776557
		],
		"중구": [
			37.56007568,
			126.9958649
		],
		"용산구": [
			37.53245831,
			126.9801554
		],
		"성동구": [
			37.55126915,
			127.0412462
		],
		"광진구": [
			37.54654772,
			127.08660729999998
		],
		"동대문구": [
			37.58191876,
			127.0551884
		],
		"중랑구": [
			37.59797735,
			127.0929846
		],
		"성북구": [
			37.60583438,
			127.0180134
		],
		"강북구": [
			37.64350525,
			127.01107340000001
		],
		"도봉구": [
			37.66914758,
			127.03236740000001
		],
		"노원구": [
			37.65207171,
			127.07524950000001
		],
		"은평구": [
			37.6198502,
			126.92882420000001
		],
		"서대문구": [
			37.57746314,
			126.9389945
		],
		"마포구": [
			37.55823005,
			126.9098635
		],
		"양천구": [
			37.52479222,
			126.8562824
		],
		"강서구": [
			37.56108124,
			126.8245085
		],
		"구로구": [
			37.49455096,
			126.8568111
		],
		"금천구": [
			37.46046195,
			126.90126740000001
		],
		"영등포구": [
			37.52014505,
			126.9099818
		],
		"동작구": [
			37.4996326,
			126.95221880000001
		],
		"관악구": [
			37.46719421,
			126.9459975
		],
		"서초구": [
			37.47373928,
			127.0311541
		],
		"강남구": [
			37.49723543,
			127.06265859999999
		],
		"송파구": [
			37.50505761,
			127.11529170000001
		],
		"강동구": [
			37.55116122,
			127.14688249999999
		]
	},
	"인천": {
		"중구": [
			37.46838936,
			126.48204890000001
		],
		"동구": [
			37.48346113,
			126.638939
		],
		"미추홀구": [
			37.45293912,
			126.6648503
		],
		"연수구": [
			37.40143644,
			126.6456179
		],
		"남동구": [
			37.42504071,
			126.7197906
		],
		"부평구": [
			37.49667482,
			126.72119009999999
		],
		"계양구": [
			37.55723507,
			126.73493219999999
		],
		"서구": [
			37.56060372,
			126.6503632
		],
		"강화군": [
			37.71224344,
			126.3995192
		],
		"옹진군": [
			37.52118197,
			125.66217079999998
		]
	},
	"세종": {
		"세종특별자치시": [
			36.56081662,
			127.2587545
		]
	},
	"대전": {
		"동구": [
			36.32383899,
			127.47507720000002
		],
		"중구": [
			36.28082794,
			127.41131329999999
		],
		"서구": [
			36.28054879,
			127.3451517
		],
		"유성구": [
			36.37681605,
			127.3330544
		],
		"대덕구": [
			36.41226391,
			127.44051909999999
		]
	},
	"대구": {
		"중구": [
			35.86657153,
			128.59352040000002
		],
		"동구": [
			35.93458626,
			128.68579920000002
		],
		"서구": [
			35.87517682,
			128.54960309999998
		],
		"남구": [
			35.83535558,
			128.58541259999998
		],
		"북구": [
			35.92872221,
			128.5774351
		],
		"수성구": [
			35.83420809,
			128.6614452
		],
		"달서구": [
			35.82754082,
			128.5285502
		],
		"달성군": [
			35.75938442,
			128.4986489
		]
	},
	"광주": {
		"동구": [
			35.11701784,
			126.9495625
		],
		"서구": [
			35.13571331,
			126.8506024
		],
		"남구": [
			35.09409481,
			126.856973
		],
		"북구": [
			35.19274484,
			126.92610420000001
		],
		"광산구": [
			35.16504344,
			126.75290159999999
		]
	},
	"울산": {
		"중구": [
			35.57097093,
			129.3095652
		],
		"남구": [
			35.51496546,
			129.33107379999998
		],
		"동구": [
			35.52496672,
			129.4253549
		],
		"북구": [
			35.60985576,
			129.3798707
		],
		"울주군": [
			35.54611282,
			129.1868326
		]
	},
	"부산": {
		"중구": [
			35.10550242,
			129.0318925
		],
		"서구": [
			35.10257488,
			129.01485300000002
		],
		"동구": [
			35.12927106,
			129.0447219
		],
		"영도구": [
			35.07874488,
			129.0648545
		],
		"부산진구": [
			35.16502674,
			129.0430811
		],
		"동래구": [
			35.20632566,
			129.0789986
		],
		"남구": [
			35.12533726,
			129.0943046
		],
		"북구": [
			35.23038838,
			129.0241902
		],
		"해운대구": [
			35.19380523,
			129.1538201
		],
		"사하구": [
			35.08719415,
			128.9750028
		],
		"금정구": [
			35.25898674,
			129.09173130000002
		],
		"강서구": [
			35.13680587,
			128.8920124
		],
		"연제구": [
			35.18236747,
			129.083045
		],
		"수영구": [
			35.16131579,
			129.1115738
		],
		"사상구": [
			35.15800784,
			128.9868136
		],
		"기장군": [
			35.29761342,
			129.201244
		]
	},
	"기타": {
		"최북동": [
			38.61111,
			131.87278
		],
		"최남서": [
			33.111940000000004,
			124.61
		]
	},
	"경기": {
		"수원": {
			"장안구": [
				37.31393998,
				127.0035969
			],
			"권선구": [
				37.26053476,
				126.97957450000001
			],
			"팔달구": [
				37.277620399999996,
				127.01667820000002
			],
			"영통구": [
				37.27494296,
				127.05706740000001
			]
		},
		"성남": {
			"수정구": [
				37.43504261,
				127.10432379999999
			],
			"중원구": [
				37.43329502,
				127.16384620000001
			],
			"분당구": [
				37.37915162,
				127.1058832
			]
		},
		"의정부": [
			37.736247799999994,
			127.06806850000001
		],
		"안양": {
			"만안구": [
				37.40387674,
				126.9112878
			],
			"동안구": [
				37.40055293,
				126.9552602
			]
		},
		"부천": [
			37.49975475,
			126.7788611
		],
		"광명": [
			37.44537048,
			126.8648543
		],
		"평택": [
			37.01184983,
			126.98860249999998
		],
		"동두천": [
			37.91653719,
			127.0779919
		],
		"안산": {
			"상록구": [
				37.3116425,
				126.86535500000001
			],
			"단원구": [
				37.281323,
				126.69031389999999
			]
		},
		"고양": {
			"덕양구": [
				37.65605407,
				126.8787341
			],
			"일산동구": [
				37.67937864,
				126.7974185
			],
			"일산서구": [
				37.67912459,
				126.72725940000001
			]
		},
		"과천": [
			37.43364633,
			127.00311740000001
		],
		"구리": [
			37.60046011,
			127.13072959999998
		],
		"남양주": [
			37.66316282,
			127.243183
		],
		"오산": [
			37.16339253,
			127.05116459999999
		],
		"시흥": [
			37.38910045,
			126.78774920000001
		],
		"군포": [
			37.34319869,
			126.92128829999999
		],
		"의왕": [
			37.36234467,
			126.9896202
		],
		"하남": [
			37.52290767,
			127.20620079999999
		],
		"용인": {
			"처인구": [
				37.20344004,
				127.25301940000001
			],
			"기흥구": [
				37.26743739,
				127.1215473
			],
			"수지구": [
				37.33346027,
				127.0715158
			]
		},
		"파주": [
			37.85899796,
			126.8056642
		],
		"이천": [
			37.2100404,
			127.4811187
		],
		"안성": [
			37.03494431,
			127.3030555
		],
		"김포": [
			37.67984843,
			126.6260267
		],
		"화성": [
			37.16880564,
			126.85452250000002
		],
		"광주": [
			37.40298451,
			127.301157
		],
		"양주": [
			37.80870632,
			127.00124129999999
		],
		"포천": [
			37.97005404,
			127.25043090000001
		],
		"여주": [
			37.30253879,
			127.6157805
		],
		"연천": [
			38.11189986,
			126.99441470000001
		],
		"가평": [
			37.8186779,
			127.4502695
		],
		"양평": [
			37.5182226,
			127.5786598
		]
	},
	"강원": {
		"춘천": [
			37.89012749,
			127.74006999999999
		],
		"원주": [
			37.3083862,
			127.9310845
		],
		"강릉": [
			37.70945856,
			128.8319057
		],
		"동해": [
			37.50713064,
			129.0559502
		],
		"태백": [
			37.17283678,
			128.9801247
		],
		"속초": [
			38.17639789,
			128.52017
		],
		"삼척": [
			37.27753545,
			129.1217963
		],
		"홍천": [
			37.74488089,
			128.0741669
		],
		"횡성": [
			37.50977039,
			128.07732959999998
		],
		"영월": [
			37.20363931,
			128.50135490000002
		],
		"평창": [
			37.55658147,
			128.4825925
		],
		"정선": [
			37.37870859,
			128.7392296
		],
		"철원": [
			38.24785834,
			127.4215498
		],
		"화천": [
			38.13766079,
			127.6850497
		],
		"양구": [
			38.18795133,
			127.9965852
		],
		"인제": [
			38.06807808,
			128.26269779999998
		],
		"고성": [
			38.37845217,
			128.3971415
		],
		"양양": [
			38.00474272,
			128.5951638
		]
	},
	"충북": {
		"청주": {
			"상당구": [
				36.59229021,
				127.5850122
			],
			"서원구": [
				36.547388500000004,
				127.43863020000002
			],
			"흥덕구": [
				36.64680033,
				127.3692217
			],
			"청원구": [
				36.72047752,
				127.49094199999999
			]
		},
		"충주": [
			37.01525648,
			127.89569270000001
		],
		"제천": [
			37.06008939,
			128.14099779999998
		],
		"보은": [
			36.49002168,
			127.7294548
		],
		"옥천": [
			36.320570200000006,
			127.6567122
		],
		"영동": [
			36.15954642,
			127.8143604
		],
		"증평": [
			36.78653542,
			127.60457029999999
		],
		"진천": [
			36.87082212,
			127.4404795
		],
		"괴산": [
			36.76950211,
			127.82960859999999
		],
		"음성": [
			36.97597869,
			127.61442340000002
		],
		"단양": [
			36.99438193,
			128.387897
		]
	},
	"충남": {
		"천안": {
			"동남구": [
				36.76412728,
				127.2208771
			],
			"서북구": [
				36.89257889,
				127.16214860000001
			]
		},
		"공주": [
			36.47979231,
			127.0753378
		],
		"보령": [
			36.34211209,
			126.5900882
		],